{
    "input": {
        "si": 12.0,
        "fe": 45.0,
        "metalTemp": 34.0,
        "castingWheelRpm": 54.0,
        "coolingWaterPressure": 543.0,
        "coolingWaterTemp": 34.0,
        "castBarEntryTemp": 54.0,
        "rollingMillRpm": 45.0,
        "emulsionTemp": 24.0,
        "emulsionPressure": 22.0,
        "rodQuenchWaterPressure": 34.0
    },
    "prediction": {
        "uts": 12.38733333333335,
        "elongation": 12.165000000000003,
        "conductivity": 60.99066666666667,
        "timestamp": "2025-11-11T11:45:11.574452+05:30",
        "model_version": "1.0.0"
    }
}